revleon - Daddy
bizzle - X
OGDave - Dave
megatonzxc - Raghunathan 
Latvian_Video - Latvian Video
Badkapp62 - Badkapp 
Isaac68EA - Roberson 
Menticek - Menticek 
LeonTheBigFat - Leon 
_lightnick_ - _Lightnick_ 
pcpaultje2 - TT 
Frederick1299 - Fredo 
i7ss - i7s 
thatyorkshireman - Yorkshire 
Gunther Steiner - Günther Steiner 
lukey747 - Luke 
CarlosSainz55 - Carlos 
Kiit1337 - DKY 
ivo_drifta - Yasen 
Busin18 - SneakyWeasel 
Terminatorss - Unknown 
gertracer - Gerti 
xJetZx - JetZ 
thestigusa - TheStig 
Lucasazedo - Lucas 
P.H.D_Gonapus - Bozo 
jameslv - JamesLV 
thegamer104 - rKizCora 
dayyou - Bing Chilling
aubreywalsh - Walshy 
yuylol - Cocaina 
BarbecuedPossumYT - BBQPossum 
fillakilla12 - Filla 
bayanofmansorofisky - BM 
oliwier3 - Kuroo 
dark314 - Ali 
viktors3232 - KaS0Y 
